{
    "version": 2,
    "builds": [
      {
        "src": "server.js",
        "use": "@vercel/node"
      }
    ],
    "routes": [
      {
        "src": "/api/(.*)",
        "dest": "server.js",
        "methods": ["GET", "POST", "PUT", "DELETE", "PATCH", "OPTIONS"],
        "headers": {
          "Access-Control-Allow-Origin": "https://resume-extractor-frontend.onrender.com",
          "Access-Control-Allow-Methods": "GET,POST,PUT,DELETE,OPTIONS",
          "Access-Control-Allow-Headers": "X-CSRF-Token, X-Requested-With, Accept, Accept-Version, Content-Length, Content-MD5, Content-Type, Date, X-Api-Version"
        }
      }
    ]
  } 